{"cameraMode":{"drawMode":0,"name":"Shaded","section":"Shading Mode"},"sceneLighting":false,"audioPlay":false,"sceneViewState":{"showFog":true,"showMaterialUpdate":false,"showSkybox":false,"showFlares":true,"showImageEffects":true,"showParticleSystems":true},"in2DMode":false,"pivot":{"x":2.187309741973877,"y":5.2722249031066898,"z":6.577671527862549},"rotation":{"x":0.03081425651907921,"y":-0.5790160894393921,"z":0.02189810201525688,"w":0.8144761323928833},"size":5.5367279052734379,"orthographic":false}